,Unnamed: 0,x1,y1,x,y,angle,size
23,23,544,103,2,2,0.7853981633974483,2.8284271247461903
42,42,565,124,4,4,0.7853981633974483,5.656854249492381
62,62,565,145,145,141,0.7714130612325663,202.25231766286387
63,63,586,145,5,5,0.7853981633974483,7.071067811865476
88,88,586,166,74,92,0.8934098880974947,118.06777714516352
116,116,607,187,26,18,0.6055446636049701,31.622776601683796
143,143,607,208,92,107,0.8606327768620629,141.11342955225768
144,144,628,208,7,-1,-0.14189705460416396,7.071067811865476
