frame,i,x1,y1,x2,y2,x,y,angle,size
1, 0, 281, 395, 282, 395, -1, 0, 3.141592653589793, 1.0
1, 1, 314, 388, 314, 388, 0, 0, 0.0, 0.0
1, 2, 65, 391, 66, 391, -1, 0, 3.141592653589793, 1.0
1, 3, 85, 388, 85, 389, 0, -1, -1.5707963267948966, 1.0
1, 4, 181, 394, 181, 394, 0, 0, 0.0, 0.0
25, 0, 85, 387, 85, 387, 0, 0, 0.0, 0.0
25, 1, 281, 395, 282, 395, -1, 0, 3.141592653589793, 1.0
25, 2, 314, 388, 314, 388, 0, 0, 0.0, 0.0
