,Unnamed: 0,x1,y1,x,y,angle,size
311,311,334,334,-54,5,3.0309354324158977,54.332310828824504
312,312,355,334,-25,4,2.982937391403392,25.317977802344327
313,313,376,334,-35,2,3.0560873599115888,35.128336140500586
315,315,418,334,-8,2,2.8966139904629284,8.246211251235321
337,337,376,355,-96,0,3.1415926535897927,96.0
338,338,397,355,-59,6,3.0402461503241254,59.30430001273095
339,339,418,355,-21,6,2.8632929945846817,21.840329667841555
341,341,460,355,-7,12,2.158798930342464,14.422205101855955
