,Unnamed: 0,x1,y1,x,y,angle,size
63,63,229,145,-402,-107,-2.8791332537635173,416.2547297028588
64,64,250,145,-470,-102,-2.9278853269017238,480.9407447908734
65,65,271,145,-422,-97,-2.9134097233747465,433.22973120505003
89,89,187,166,-368,-41,-3.0279539266410835,370.38898471741834
90,90,208,166,-420,-59,-3.0020297061172947,424.1238026803023
