,Unnamed: 0,x1,y1,x,y,angle,size
29,29,544,271,-3,-1,-2.5535900500422257,3.6055512754639887
36,36,502,292,-1,-2,-2.0344439357957027,2.23606797749979
51,51,565,313,-2,-1,-2.677945044588987,2.23606797749979
65,65,544,334,-2,-1,-2.677945044588987,2.23606797749979
81,81,502,355,-2,-1,-2.677945044588987,2.23606797749979
