,Unnamed: 0,x1,y1,x,y,angle,size
1,1,523,187,-1,1,2.3561944901923453,1.4142135623730951
2,2,565,187,-1,1,2.3561944901923453,1.4142135623730951
6,6,418,208,-1,1,2.3561944901923453,1.4142135623730951
7,7,439,208,-1,1,2.3561944901923453,1.4142135623730951
8,8,523,208,-1,1,2.3561944901923453,1.4142135623730951
12,12,397,229,-1,1,2.3561944901923453,1.4142135623730951
