,Unnamed: 0,x1,y1,x,y,angle,size
93,93,208,124,30,81,1.2052781206029999,86.72946442818609
94,94,229,124,15,21,0.9197196053504167,26.40075756488817
114,114,229,145,9,26,1.2036224929766774,27.85677655436824
115,115,250,145,-7,21,1.9347752833045408,22.47220505424423
160,160,271,187,12,11,0.7853981633974483,16.97056274847714
