,Unnamed: 0,x1,y1,x,y,angle,size
126,126,355,229,197,-87,-0.4139990026121999,216.27066375262268
154,154,313,250,164,-92,-0.5112307122777895,188.04254837669052
155,155,334,250,160,-55,-0.3310960767041321,169.1892431568863
156,156,355,250,214,-46,-0.21077567122580765,219.86586820150143
157,157,376,250,242,-51,-0.20770447299612405,247.315587862957
158,158,397,250,188,-44,-0.2299044281319047,193.08029417835476
159,159,418,250,211,-60,-0.2770473115070418,219.36499264923745
160,160,439,250,203,-53,-0.2553829119736552,209.80467106334882
